ISBN,category_id
0195153448,1
0195153448,2
0002005018,3
0002005018,2
0060973129,4
0060973129,5
0060973129,6
0374157065,7
0374157065,8
0393045218,9
0393045218,10
0393045218,2
0399135782,3
0399135782,11
0425176428,12
0425176428,2
0671870432,13
0671870432,14
0671870432,2
0679425608,12
0679425608,2
074322678X,15
074322678X,2
0771074670,16
0771074670,17
0771074670,18
080652121X,15
080652121X,19
0887841740,9
0887841740,2
1552041778,15
1552041778,20
1558746218,9
1558746218,21
1575663937,9
1575663937,22
1881320189,3
1881320189,23
0440234743,3
0440234743,2
1841721522,24
1841721522,25
1879384493,26
1879384493,27
1879384493,2
0061076031,3
0061076031,17
0439095026,26
0439095026,2
0971880107,28
0971880107,29
0345402871,30
0345402871,2
0345417623,24
0345417623,31
0345417623,2
0684823802,15
0684823802,2
0375759778,28
0375759778,32
0375759778,33
0425163091,15
0425163091,34
0425163091,2
3404921038,3
3404921038,35
3442353866,12
3442353866,36
3442353866,2
3442410665,15
3442410665,19
3442446937,24
3442446937,2
0375406328,15
0375406328,37
0375406328,38
0446310786,4
0446310786,5
0446310786,6
0449005615,39
0449005615,2
0060168013,40
0060168013,41
0060168013,42
038078243X,28
038078243X,32
038078243X,2
055321215X,29
055321215X,43
067176537X,24
067176537X,2
0061099686,1
0061099686,44
0061099686,2
0553582909,45
0553582909,46
0553582909,2
0553582747,47
0553582747,48
042518630X,49
042518630X,50
042518630X,51
0440223571,3
0440223571,52
0812523873,53
0812523873,54
0812523873,55
0842342702,56
0842342702,57
0842342702,58
0060914068,59
0060914068,60
0060914068,2
0245542957,26
0245542957,61
0245542957,62
0380715899,15
0380715899,63
0553280333,26
0553280333,27
0553280333,64
0961769947,39
0961769947,65
0964778319,16
0964778319,66
0964778319,2
0671623249,4
0671623249,5
0671623249,6
0679810307,67
0679810307,2
0679865691,24
0679865691,2
2070423204,24
2070423204,68
0345260317,56
0345260317,69
0394743741,15
0394743741,20
042511774X,15
042511774X,2
0804106304,24
0804106304,68
1853262404,70
1853262404,2
0312970242,47
0312970242,71
1414035004,1
1414035004,44
1414035004,2
0060938412,26
0060938412,2
0140067477,15
0140067477,37
0140067477,2
0345465083,72
0345465083,73
0345465083,74
0451625889,30
0451625889,75
0441783589,15
0441783589,63
0394895894,53
0394895894,2
1569871213,15
1569871213,76
1569871213,38
1569871213,2
0375410538,24
0375410538,77
0375410538,2
0966986105,15
0966986105,20
087113375X,15
087113375X,2
0340767936,12
0340767936,2
0743403843,70
0743403843,2
0060930365,78
0060930365,79
0060177586,3
0060177586,80
0071416331,16
0071416331,81
0071416331,82
0071416331,2
0375509038,67
0375509038,2
8445071408,15
8445071408,2
8445071769,28
8445071769,83
8445071777,47
8445071777,2
0671867156,3
0671867156,11
0312252617,15
0312252617,84
0312252617,85
0312261594,86
0312261594,2
0316748641,87
0316748641,88
0316748641,89
0316973742,90
0316973742,91
0316973742,92
0385235941,7
0385235941,2
0446677450,53
0446677450,29
0451166892,3
0451166892,93
0553347594,94
0553347594,37
0553347594,2
0671621009,15
0671621009,34
0671621009,2
067976397X,72
067976397X,2
0684822733,15
0684822733,2
0786868716,15
0786868716,76
0786868716,2
8472238822,53
8472238822,95
8472238822,96
0671864769,9
0671864769,97
0671864769,2
0671521519,15
0671521519,34
0671521519,2
0440222303,98
0440222303,66
0440222303,99
0440222303,100
0440222303,101
0440222303,102
0440222303,103
0440222303,104
0312953453,67
0312953453,105
0312953453,106
0312953453,2
0446608653,15
0446608653,2
0451208080,12
0451208080,107
0451208080,108
0553584383,1
0553584383,44
0553584383,2
0671027360,15
0671027360,63
0812575954,109
0812575954,2
0316735736,15
0316735736,34
0316735736,2
0743439740,30
0743439740,110
0345372700,94
0345372700,105
0345372700,2
0380619458,94
0380619458,111
0380619458,2
0446325805,112
0446325805,2
0451406923,15
0451406923,2
0671042858,113
0671042858,114
0671042858,115
0743249992,3
0743249992,116
0743249992,117
0743249992,118
0840734530,9
0840734530,119
0425184226,49
0425184226,105
0425184226,106
0425184226,2
0375500766,72
0375500766,73
0375500766,120
9724119378,53
9724119378,121
0451205197,15
0451205197,34
0451205197,2
0060929790,53
0060929790,2
0060976845,53
0060976845,2
0061099325,15
0061099325,63
0671004573,49
0671004573,122
0446601640,15
0446601640,123
0330484516,4
0330484516,5
0330484516,6
038572179X,28
038572179X,124
038572179X,125
0393020371,16
0393020371,81
0393020371,126
1900850303,109
1900850303,127
1903019699,87
1903019699,2
0345425294,15
0345425294,2
0451410319,15
0451410319,2
0553583468,86
0553583468,2
8420639133,39
8420639133,128
8476409419,4
8476409419,5
8476409419,129
0380778556,15
0380778556,76
0380778556,38
0451525221,16
0451525221,2
0002740230,15
0002740230,111
0002740230,2
0385336772,24
0385336772,130
0385336772,131
0440949424,39
0440949424,2
0505524996,9
0505524996,97
0505524996,2
0140252800,132
0140252800,133
0140252800,134
0451452755,9
0451452755,97
0451452755,135
0812575482,86
0812575482,136
0812575482,137
044651747X,1
044651747X,2
0060801263,138
0060801263,139
0060801263,140
0061030147,16
0061030147,2
0140250964,3
0140250964,141
0671461494,47
0671461494,142
0385337639,9
0385337639,143
0451206673,56
0451206673,57
0451206673,2
0330332775,3
0330332775,144
0486284735,67
0486284735,145
0671021745,146
0671021745,147
0671047612,15
0671047612,34
0671047612,148
0671504282,98
0671504282,149
0671504282,2
0785263292,12
0785263292,150
0830714014,151
0830714014,152
0345354931,151
0345354931,153
0345354931,154
0345354931,155
0345354931,156
0345354931,157
0553278223,47
0553278223,158
3257203659,9
3257203659,159
3257207522,113
3257207522,2
3257208626,94
3257208626,37
3257208626,2
3257208634,15
3257208634,160
3257208669,15
3257208669,2
3257210450,161
3257210450,162
3257210450,163
3257212054,151
3257212054,153
3257212054,154
3257212054,155
3257212054,156
3257212054,157
3257212429,164
3257212429,165
3257214154,94
3257214154,37
3257214154,2
3257216416,70
3257216416,2
3257233051,15
3257233051,37
3257233051,2
342311360X,47
342311360X,166
342311360X,167
3423116714,4
3423116714,168
3423241489,94
3423241489,160
3426605686,56
3426605686,169
3453212150,9
3453212150,119
3462021095,122
3462021095,29
3492045642,98
3492045642,66
3492045642,170
3492045642,171
3492045642,172
3492045642,173
3492045642,174
3492045642,175
3492045642,176
3492045642,177
3492045642,178
3492045642,179
3498020862,49
3498020862,180
3498020862,181
3499110695,53
3499110695,182
3499110695,183
3499151502,15
3499151502,160
3518111000,24
3518111000,68
3548254268,39
3548254268,65
3596292646,13
3596292646,184
0060977493,9
0060977493,185
0060977493,2
0312872682,47
0312872682,186
0316602906,16
0316602906,2
0316693006,98
0316693006,66
0316693006,187
0316693006,188
0316693006,189
0316693006,190
0345311396,47
0345311396,186
0345404793,3
0345404793,191
0345433173,67
0345433173,192
0345433173,193
0375400117,67
0375400117,194
0375705856,9
0375705856,195
0375705856,2
0380717018,146
0380717018,2
0380718332,94
0380718332,196
0380718332,197
0380754509,86
0380754509,2
038076654X,26
038076654X,198
038076654X,199
0380807866,16
0380807866,200
0380807866,201
0385316895,16
0385316895,202
0385316895,203
0385497466,30
0385497466,204
0385508042,87
0385508042,2
0385509456,28
0385509456,2
0385511612,24
0385511612,68
0385730586,39
0385730586,2
0425164403,86
0425164403,205
0440234964,67
0440234964,206
0446605484,13
0446605484,14
0446605484,2
0446610399,9
0446610399,207
0446610399,2
0449006522,15
0449006522,34
0449006522,2
0449911004,9
0449911004,2
0451162072,151
0451162072,153
0451162072,154
0451162072,155
0451162072,156
0451162072,157
0451186648,67
0451186648,105
0451186648,106
0451186648,2
0452282152,29
0452282152,208
051513290X,24
051513290X,209
051513290X,210
051513290X,211
0590598848,4
0590598848,212
0671023616,47
0671023616,2
0671027387,28
0671027387,32
0671027387,2
0684848783,164
0684848783,213
0684848783,2
0743486226,47
0743486226,2
0786863986,72
0786863986,73
0786863986,120
0803251718,67
0803251718,38
0803251718,2
0804117934,24
0804117934,2
140003180X,12
140003180X,214
155874262X,78
155874262X,2
0060987103,15
0060987103,20
0151008116,138
0151008116,215
0151008116,2
0375704965,40
0375704965,216
0375704965,217
0525947647,53
0525947647,218
0525947647,2
0804111359,47
0804111359,2
1558744150,4
1558744150,2
0316782505,9
0316782505,195
0316782505,219
0316782505,220
006102063X,12
006102063X,2
0060013117,9
0060013117,195
0060013117,2
0060199563,24
0060199563,31
0060199563,2
006052779X,72
006052779X,221
006052779X,144
0060563079,78
0060563079,105
0060809027,3
0060809027,2
0061040967,24
0061040967,130
0061040967,222
0061052515,15
0061052515,191
0061052523,28
0061052523,32
0061052523,2
0064472264,94
0064472264,196
0064472264,223
0140620664,94
0140620664,196
0140620664,223
0312148267,7
0312148267,8
0312156960,24
0312156960,2
0312890044,53
0312890044,54
0312890044,2
034543191X,39
034543191X,2
0373836023,59
0373836023,224
0373836023,225
0375801677,98
0375801677,81
0375801677,226
0375814248,49
0375814248,86
0375814248,2
0375823352,12
0375823352,150
037582345X,15
037582345X,227
037582345X,2
0375823468,78
0375823468,2
0380730448,9
0380730448,228
0385327773,26
0385327773,61
0385327773,229
0394586239,56
0394586239,169
0439510112,9
0439510112,2
0440241413,24
0440241413,130
0440241413,2
0451409256,15
0451409256,2
0451523415,230
0451523415,44
0451523415,2
0451526341,47
0451526341,231
0451526341,232
0486415864,233
0486415864,234
0553280589,16
0553280589,235
0571197639,12
0571197639,236
0571197639,2
0670035262,53
0670035262,218
0670035262,2
0679423079,67
0679423079,237
0679423079,2
0679751343,9
0679751343,238
0679751343,239
0684833395,87
0684833395,29
0743245024,240
0743245024,2
0749748001,56
0749748001,241
0749748028,3
0749748028,191
0963094424,12
0963094424,236
0963094424,2
1401201172,67
1401201172,242
1401201172,2
1563898586,15
1563898586,2
156971620X,53
156971620X,182
156971620X,44
156971620X,2
0374270325,132
0374270325,243
0375719180,9
0375719180,244
0375719180,245
0440235502,30
0440235502,246
0440235502,247
044023722X,72
044023722X,2
1573225487,67
1573225487,160
1853260673,1
1853260673,153
1853260673,2
0060977477,15
0060977477,160
0345391691,59
0345391691,29
0520011171,113
0520011171,248
0520011171,249
0553278746,15
0553278746,111
0553278746,2
0670856045,13
0670856045,250
0670856045,2
0872200760,56
0872200760,251
0671649949,15
0671649949,2
0064470113,9
0064470113,2
0553571486,3
0553571486,2
0972044205,15
0972044205,105
0312963009,72
0312963009,221
0312963009,60
0345435869,252
0345435869,253
0380728729,12
0380728729,2
038081840X,30
038081840X,2
0449912302,12
0449912302,2
055329198X,113
055329198X,2
0671018930,26
0671018930,2
0812541642,3
0812541642,254
0812541642,255
0812541642,256
0312988699,39
0312988699,2
0486282112,94
0486282112,257
8483007010,16
8483007010,66
8483007010,2
0670815373,16
0670815373,258
0670815373,2
0385313748,9
0385313748,2
1575843366,39
1575843366,2
0684193957,72
0684193957,2
0345371984,59
0345371984,259
1573228737,87
1573228737,2
9681500555,15
9681500555,20
0380711109,252
0380711109,2
0452283914,86
0452283914,2
0425120279,15
0425120279,2
067153484X,53
067153484X,218
067153484X,260
0380728273,90
0380728273,2
8433914545,12
8433914545,236
8433914545,2
8484509141,112
8484509141,153
8484509141,154
8484509141,155
8484509141,156
8484509141,157
0446606197,29
0446606197,2
0771076002,3
0771076002,29
0771088191,16
0771088191,66
0771088191,261
1559703237,90
1559703237,105
1559703237,106
3596214629,9
3596214629,185
3596214629,2
0062770500,161
0062770500,162
0062770500,262
0062770500,263
0062770500,264
0062770500,265
0060188731,72
0060188731,73
0060188731,120
0140374248,29
0140374248,2
0142001740,4
0142001740,266
0195086295,15
0195086295,38
0312995423,15
0312995423,267
0380704587,15
0380704587,2
0380815923,4
0380815923,5
0380815923,129
0385416342,230
0385416342,259
0385418493,15
0385418493,20
038542471X,109
038542471X,2
0425098109,70
0425098109,268
0425098109,269
0449005410,24
0449005410,2
0449202631,113
0449202631,270
0449202631,2
0449207544,39
0449207544,2
0515128554,47
0515128554,2
0517577402,3
0517577402,105
0590450875,70
0590450875,271
0590481371,3
0590481371,52
067103619X,12
067103619X,2
0684177730,3
0684177730,52
0684180200,16
0684180200,66
0684180200,2
0743411269,29
0743411269,272
0743470389,3
0743470389,273
076218857X,15
076218857X,2
0767905938,15
0767905938,274
0800706544,112
0800706544,44
0800706544,2
0849953014,98
0849953014,275
0891091963,28
0891091963,32
0891091963,2
0915811537,9
0915811537,2
1880185008,30
1880185008,276
1880185008,2
0140345809,112
0140345809,2
0156528207,47
0156528207,277
0380012863,72
0380012863,73
0380012863,278
0451154916,140
0451154916,279
0785815147,56
0785815147,57
0785815147,58
0875421288,47
0875421288,280
0875421288,281
1567184294,15
1567184294,2
156718796X,3
156718796X,2
1862047626,26
1862047626,282
0020437501,16
0020437501,17
0020437501,283
0198320264,3
0198320264,191
0373196989,16
0373196989,66
0373196989,284
0373196989,285
0373196989,172
0373196989,175
0373196989,286
0373196989,189
0373196989,190
0373245580,287
0373245580,2
0451527747,15
0451527747,105
0671867113,28
0671867113,2
0812504208,49
0812504208,2
0060173289,53
0060173289,54
0060173289,2
0060973897,47
0060973897,231
0060973897,2
006101351X,47
006101351X,288
0140104682,53
0140104682,95
0140104682,289
0316666343,15
0316666343,267
039456894X,12
039456894X,290
0440224675,56
0440224675,291
0449002632,9
0449002632,238
0449002632,292
0449213773,252
0449213773,293
0452279690,53
0452279690,29
0679725393,15
0679725393,38
0679725393,2
0802114369,30
0802114369,276
0802114369,2
0803233019,15
0803233019,2
0819154946,4
0819154946,168
0897322339,122
0897322339,294
0940322978,112
0940322978,295
1573225126,24
1573225126,130
1573225126,2
1579651658,9
1579651658,296
1878424319,12
1878424319,297
8401351421,15
8401351421,34
8401351421,2
8423324311,53
8423324311,2
8427007450,15
8427007450,2
8429734996,24
8429734996,298
8429734996,299
8429736131,15
8429736131,20
8440616252,24
8440616252,2
8472224260,122
8472224260,300
8472227421,132
8472227421,301
8472227421,2
8474103347,47
8474103347,231
8474103347,2
8475960936,3
8475960936,38
8477830029,24
8477830029,302
8478091246,47
8478091246,280
8478091246,2
8478097732,9
8478097732,97
8478097732,228
8478098267,28
8478098267,2
8478800336,56
8478800336,303
8478884963,16
8478884963,66
8478884963,201
8486433193,56
8486433193,304
0600586898,98
0600586898,66
0600586898,2
1853260622,67
1853260622,38
1853260622,66
1853260622,305
1857938011,59
1857938011,2
0060804157,30
0060804157,306
8466601090,9
8466601090,21
0140382658,4
0140382658,307
0152012966,47
0152012966,2
0312283784,4
0312283784,308
0312283784,2
0345297709,15
0345297709,105
0345313097,109
0345313097,2
0345335465,12
0345335465,236
0345335465,2
0345416848,113
0345416848,309
0345416848,2
0385333404,7
0385333404,2
044021145X,90
044021145X,91
044021145X,310
0449212084,26
0449212084,2
0553582682,15
0553582682,38
0590947257,7
0590947257,2
074345829X,16
074345829X,66
074345829X,2
0786913878,24
0786913878,77
0786913878,2
0801491827,26
0801491827,311
0816729913,15
0816729913,2
0843136685,39
0843136685,312
0843136685,313
0843136685,2
0866119531,9
0866119531,2
0866119566,252
0866119566,314
0866119566,2
0870441663,16
0870441663,66
0870441663,305
1561561428,16
1561561428,81
1561561428,315
0553210092,56
0553210092,57
0553210092,16
0553258524,138
0553258524,2
0688163726,47
0688163726,2
1569471096,53
1569471096,2
055358099X,56
055358099X,316
0316168815,47
0316168815,2
014023828X,26
014023828X,317
0345424719,15
0345424719,34
0345424719,148
0375414746,15
0375414746,2
0385503857,47
0385503857,2
0425156842,252
0425156842,2
0440226104,12
0440226104,236
0440226104,318
0452277337,15
0452277337,2
0553802488,138
0553802488,319
0671021001,122
0671021001,320
0671021001,321
0767903579,53
0767903579,322
0767903579,323
0805063897,15
0805063897,2
0679777431,112
0679777431,2
0553285343,3
0553285343,20
0486285529,47
0486285529,231
0486285529,2
0671002481,138
0671002481,324
0671002481,325
0671002481,326
0812523385,98
0812523385,327
0812523385,328
0895774666,16
0895774666,17
0895774666,329
0020199090,12
0020199090,107
0020199090,2
0385495145,47
0385495145,288
0679733825,56
0679733825,169
0842329129,47
0842329129,280
0842329129,281
0345451260,47
0345451260,330
0345451260,331
0740700235,98
0740700235,332
0380973545,15
0380973545,111
0380973545,2
0393321576,16
0393321576,2
0743424425,39
0743424425,333
0786868015,334
0786868015,335
0786868015,16
0446610178,7
0446610178,336
0743229878,12
0743229878,2
0380617625,24
0380617625,337
0380732335,45
0380732335,338
0385337132,9
0385337132,2
0440235057,7
0440235057,339
0445402040,15
0445402040,340
0445402040,38
0618119760,15
0618119760,34
0618119760,341
0871138646,86
0871138646,342
0026329859,233
0026329859,2
0060621257,26
0060621257,317
0060915544,94
0060915544,38
0060915544,66
0060915544,2
0060917016,112
0060917016,44
0060917016,2
0060925000,47
0060925000,343
0060932759,78
0060932759,79
0061000280,53
0061000280,182
0061000280,44
0061000280,344
0192815318,109
0192815318,2
0312195516,3
0312195516,20
0380792664,53
0380792664,218
0380792664,345
0393048977,53
0393048977,346
0399137807,113
0399137807,2
039914739X,30
039914739X,276
039914739X,347
0451410556,45
0451410556,348
0451523318,138
0451523318,215
0451523318,2
0486281965,15
0486281965,349
0486292940,56
0486292940,350
051762639X,94
051762639X,37
051762639X,2
0684824442,15
0684824442,257
0743458303,15
0743458303,2
081296666X,39
081296666X,2
0819215635,113
0819215635,180
0819215635,351
0880011025,352
0880011025,353
1561011525,28
1561011525,2
1877727083,15
1877727083,349
0486206173,15
0486206173,76
0486206173,38
0486206173,2
0312278586,16
0312278586,66
0312278586,261
8845229041,98
8845229041,2
887641486X,161
887641486X,162
887641486X,2
0140370900,15
0140370900,20
0674511255,15
0674511255,20
0030096189,67
0030096189,196
0030096189,354
0312965745,15
0312965745,63
0345374657,4
0345374657,266
080521061X,9
080521061X,238
080521061X,2
0823032612,90
0823032612,29
0679310002,9
0679310002,2
0312288115,13
0312288115,14
0312288115,2
0316171107,138
0316171107,355
0316171107,2
0380710218,15
0380710218,2
0515118656,15
0515118656,2
0553289063,132
0553289063,2
0671000306,15
0671000306,34
0671000306,2
0671673688,53
0671673688,2
1561672033,9
1561672033,21
0425178242,47
0425178242,2
0618173870,86
0618173870,136
0618173870,356
0156027321,12
0156027321,357
0375403582,113
0375403582,2
0451202341,70
0451202341,29
0743418190,15
0743418190,2
0385335407,3
0385335407,20
0965746828,47
0965746828,142
0060923245,53
0060923245,2
0060913509,4
0060913509,358
0312145543,4
0312145543,5
0312145543,359
0425181111,39
0425181111,181
0425181111,2
0380732688,15
0380732688,2
0140286276,53
0140286276,182
0140286276,44
0140286276,2
0373484100,3
0373484100,273
0449907481,16
0449907481,17
0449907481,2
0553107305,12
0553107305,214
080213825X,3
080213825X,20
0515127833,15
0515127833,2
0345441133,30
0345441133,276
0345441133,360
0515134279,16
0515134279,17
0515134279,335
0945586051,252
0945586051,361
0385490992,15
0385490992,2
0385424728,15
0385424728,111
0385424728,349
0312980388,4
0312980388,266
0590419625,26
0590419625,362
0385472951,112
0385472951,44
0385472951,2
0451195663,3
0451195663,38
0425182878,15
0425182878,2
0553564528,24
0553564528,2
055356451X,30
055356451X,276
055356451X,360
0743412621,15
0743412621,111
0743412621,2
0849943728,70
0849943728,268
0849943728,363
0849943450,240
0849943450,136
0849943450,2
084994371X,3
084994371X,2
0590406019,4
0590406019,364
0020442408,47
0020442408,280
0020442408,281
0553225987,3
0553225987,11
042517736X,53
042517736X,346
0671868713,98
0671868713,202
0671868713,203
038549825X,3
038549825X,2
0553202294,56
0553202294,57
0553202294,2
0345313860,53
0345313860,29
0345369947,12
0345369947,150
067170124X,94
067170124X,196
067170124X,197
0345353625,15
0345353625,38
0345353625,2
0308102282,16
0308102282,66
0308102282,261
006017143X,29
006017143X,365
0805056491,122
0805056491,366
0679401377,230
0679401377,367
1562827049,15
1562827049,368
1562827049,369
0385306032,53
0385306032,370
0385306032,371
0385306032,372
0385306032,373
0816152446,72
0816152446,2
0821772953,15
0821772953,2
0345379454,26
0345379454,27
0345379454,374
0553576925,47
0553576925,375
0743206053,146
0743206053,2
0439319552,15
0439319552,2
0307001164,15
0307001164,2
0440441501,112
0440441501,153
0440441501,376
0590687301,98
0590687301,66
0590687301,187
0590687301,188
0590687301,189
0590687301,190
0439061644,28
0439061644,377
0439569842,240
0439569842,378
0439569842,379
0307118703,24
0307118703,130
0307118703,2
0590418858,12
0590418858,290
0816728739,24
0816728739,380
0816728739,2
0865050880,26
0865050880,2
0812524853,39
0812524853,2
0449211770,47
0449211770,375
193072229X,132
193072229X,2
0812521129,53
0812521129,2
0345251733,47
0345251733,2
1400077826,3
1400077826,38
0312995431,381
0312995431,382
0312312628,16
0312312628,383
0312312628,384
0312312628,170
0312312628,385
0446394521,39
0446394521,2
0590021117,15
0590021117,38
0590021117,2
068484267X,15
068484267X,20
0553578693,28
0553578693,32
0553578693,2
0380709260,112
0380709260,29
0807565288,3
0807565288,105
0312986769,9
0312986769,207
0312986769,2
0345413377,39
0345413377,312
0345413377,386
0345413369,122
0345413369,29
0679893105,45
0679893105,387
0679893105,388
0061096091,53
0061096091,370
0061096091,389
0345369068,24
0345369068,390
0451184718,45
0451184718,391
0449209121,15
0449209121,38
0449209121,2
0060938455,72
0060938455,73
0060938455,259
080411952X,16
080411952X,66
080411952X,305
0060575808,1
0060575808,154
0060575808,155
0060575808,156
0060575808,157
0060558865,15
0060558865,37
0060558865,38
0767912918,16
0767912918,17
0767912918,66
0553298860,16
0553298860,66
0553298860,2
0385335679,39
0385335679,2
0440122090,16
0440122090,81
0440122090,392
0671525832,98
0671525832,66
0671525832,99
0671525832,100
0671525832,101
0671525832,102
0671525832,103
0671525832,104
0061009059,16
0061009059,149
0061009059,2
0060930187,15
0060930187,2
0516076272,3
0516076272,2
0679450432,39
0679450432,2
0821775863,94
0821775863,2
0821770209,240
0821770209,16
0670855758,12
0670855758,297
0553562819,16
0553562819,2
0446364193,112
0446364193,2
0446519138,9
0446519138,21
0425179672,4
0425179672,393
0425179672,394
0061042943,12
0061042943,395
0061042943,396
0399144463,15
0399144463,38
0965404560,15
0965404560,397
0312206763,39
0312206763,312
0312206763,398
0316116025,112
0316116025,2
0156013967,3
0156013967,399
0385314019,12
0385314019,36
0385314019,400
0743444167,112
0743444167,401
0618231617,98
0618231617,66
0618231617,99
0618231617,100
0618231617,101
0618231617,102
0618231617,103
0618231617,104
1567920047,132
1567920047,402
1567920047,2
0811203220,15
0811203220,227
0811203220,2
1573229148,3
1573229148,38
0787955671,70
0787955671,2
0425174484,3
0425174484,20
0385496907,24
0385496907,131
0385496907,2
0446523992,45
0446523992,2
0140185216,15
0140185216,111
0140185216,2
0486272745,16
0486272745,235
8807120194,56
8807120194,241
0062507249,16
0062507249,2
0684801221,15
0684801221,111
0684801221,2
1576737357,112
1576737357,2
0060083298,67
0060083298,403
0060083298,404
0446672211,39
0446672211,405
0140293248,26
0140293248,362
0743213831,4
0743213831,2
0345305477,406
0345305477,2
0061080519,87
0061080519,407
0142000205,53
0142000205,2
0316735027,15
0316735027,2
193156146X,98
193156146X,81
193156146X,408
015600710X,15
015600710X,34
015600710X,2
0062517856,3
0062517856,23
0679767789,15
0679767789,2
0449911683,113
0449911683,409
0449207757,53
0449207757,322
0449207757,410
0449245691,151
0449245691,152
0140029400,47
0140029400,411
0140021566,87
0140021566,407
2253004022,53
2253004022,370
2253004022,412
2253005274,16
2253005274,2
225300670X,39
225300670X,2
2266084372,72
2266084372,2
2070362388,53
2070362388,346
2266029460,13
2266029460,250
2266029460,2
2253007102,15
2253007102,2
2070417743,113
2070417743,403
2070417743,413
2070384349,24
2070384349,68
207053880X,15
207053880X,111
207053880X,2
2070334368,47
2070334368,142
2290314951,16
2290314951,66
2290314951,2
229000510X,39
229000510X,2
3492207006,3
3492207006,2
3499177757,78
3499177757,79
3889774016,122
3889774016,366
3502670005,53
3502670005,2
0905762487,24
0905762487,2
3499222604,78
3499222604,414
3746670055,12
3746670055,36
3746670055,415
0140620427,53
0140620427,29
3596144434,16
3596144434,81
3596144434,82
3442724686,16
3442724686,81
3442724686,82
0385504209,15
0385504209,34
0385504209,2
0446525502,15
0446525502,144
0385500769,138
0385500769,416
0385500769,2
0399147012,12
0399147012,36
0399147012,417
0670892963,59
0670892963,418
0316789089,15
0316789089,2
0451197275,12
0451197275,107
0451197275,108
0425184129,15
0425184129,227
0425184129,2
0151001006,138
0151001006,2
0385505833,98
0385505833,202
0385505833,203
0679442790,138
0679442790,419
0679442790,420
0525943862,24
0525943862,2
0609605925,94
0609605925,38
0609605925,81
0060191929,67
0060191929,196
0060191929,223
0743206045,47
0743206045,2
0684864843,15
0684864843,63
0684867818,70
0684867818,2
0743406176,47
0743406176,2
0380978539,28
0380978539,421
0679603352,15
0679603352,63
0679410430,72
0679410430,2
0446523569,56
0446523569,57
0446523569,2
0671042556,72
0671042556,73
0671042556,422
0679450440,9
0679450440,238
0679450440,2
0140107649,132
0140107649,402
0140107649,2
0609606727,13
0609606727,250
0609606727,2
0446527793,86
0446527793,2
0446531332,87
0446531332,2
1570717257,240
1570717257,423
1570717257,2
0060192631,28
0060192631,32
0060192631,2
0385420161,138
0385420161,424
0385420161,2
0345339711,47
0345339711,166
0345339711,167
052594463X,53
052594463X,95
052594463X,425
052594463X,426
039304016X,16
039304016X,66
039304016X,2
0399147128,146
0399147128,2
0670031046,56
0670031046,2
0394574745,16
0394574745,66
0394574745,2
0316969443,3
0316969443,2
0743230051,67
0743230051,427
0316693200,59
0316693200,60
0316693200,428
0684868911,15
0684868911,34
0684868911,2
0842336214,72
0842336214,221
0842336214,429
0684864320,53
0684864320,182
0684864320,183
0525944834,47
0525944834,330
0525944834,331
0345428900,94
0345428900,37
0345428900,2
0451176812,26
0451176812,2
0671525794,16
0671525794,430
0718144538,3
0718144538,11
0446602086,3
0446602086,144
0394551427,3
0394551427,2
0007100221,53
0007100221,54
0007100221,2
2253148539,4
2253148539,2
2253043974,72
2253043974,2
2020315491,24
2020315491,431
0747549923,9
0747549923,244
0747549923,432
0743462335,3
0743462335,2
0140253580,53
0140253580,2
0947782141,15
0947782141,20
057120354X,151
057120354X,153
057120354X,154
057120354X,155
057120354X,156
057120354X,157
0349101779,12
0349101779,2
0743222229,53
0743222229,182
0743222229,433
185479549X,53
185479549X,322
185479549X,2
0140292918,4
0140292918,2
1854795554,29
1854795554,2
2871290911,94
2871290911,38
2871290911,81
0198604025,15
0198604025,2
1842151053,28
1842151053,434
2253063339,86
2253063339,435
2253063339,2
1860198597,9
1860198597,2
0767908473,87
0767908473,2
1842040154,53
1842040154,370
1842040154,436
0140622063,4
0140622063,437
0571209521,230
0571209521,259
2264009306,122
2264009306,438
1841952931,16
1841952931,202
1841952931,203
0890877564,15
0890877564,111
0890877564,349
1405200677,1
1405200677,2
0416196772,49
0416196772,2
0747538069,94
0747538069,439
0375501347,15
0375501347,20
0060927240,122
0060927240,379
0316776963,109
0316776963,2
156341029X,112
156341029X,440
0060934719,15
0060934719,76
0060934719,2
1886383421,56
1886383421,16
1888451084,15
1888451084,20
0451450256,132
0451450256,402
0451450256,2
1555835953,12
1555835953,36
1555835953,2
0395877563,67
0395877563,194
0962893862,67
0962893862,196
0962893862,354
1555834531,3
1555834531,2
0393318435,15
0393318435,76
0393318435,2
0889740828,24
0889740828,441
0889740828,2
1563410443,28
1563410443,32
1563410443,2
1563899388,15
1563899388,105
1563411148,132
1563411148,442
1563411148,2
0553579681,15
0553579681,34
0553579681,443
0553579673,4
0553579673,444
0451181379,164
0451181379,2
0786889160,53
0786889160,54
0786889160,2
0345370740,4
0345370740,437
0553574175,9
0553574175,97
0553574175,2
0553574167,49
0553574167,2
0553574159,56
0553574159,251
0312287240,3
0312287240,105
0679801146,15
0679801146,2
0446300101,16
0446300101,17
0446300101,18
0821750410,47
0821750410,2
0451456548,30
0451456548,276
0451456548,360
0060006048,15
0060006048,397
0312906552,15
0312906552,34
0312906552,148
0440117291,72
0440117291,73
0440117291,259
0425049981,132
0425049981,402
0425049981,445
0374386676,28
0374386676,32
0374386676,2
0786886463,67
0786886463,403
0786886463,446
0345395379,9
0345395379,238
0345395379,2
0380788497,47
0380788497,142
0307215342,3
0307215342,273
0374343381,94
0374343381,447
0345403339,28
0345403339,124
0345403339,448
0440226694,3
0440226694,191
0440219604,40
0440219604,449
0767903285,16
0767903285,235
0345429176,26
0345429176,317
038529929X,26
038529929X,61
038529929X,450
1573229571,113
1573229571,2
0345418778,151
0345418778,153
0345418778,154
0345418778,155
0345418778,156
0345418778,157
0517201658,3
0517201658,206
0743211383,132
0743211383,451
039914370X,53
039914370X,452
1884777805,78
1884777805,191
0312977905,4
0312977905,308
0812521331,15
0812521331,20
0451205421,13
0451205421,250
0451205421,2
0894342789,94
0894342789,37
0894342789,2
0440218535,15
0440218535,76
0440218535,453
0449207595,15
0449207595,84
0449207595,85
8806142267,3
8806142267,52
0670844594,15
0670844594,160
039457513X,16
039457513X,454
0394559487,13
0394559487,250
0394559487,2
0804001944,29
0804001944,455
0590897985,12
0590897985,36
0590897985,2
0689832877,78
0689832877,79
0689829698,15
0689829698,397
0064409457,3
0064409457,191
0064405052,3
0064405052,20
043922165X,12
043922165X,150
0152162445,49
0152162445,2
0152162577,67
0152162577,60
0152162577,456
0152162577,457
0152162577,458
0152162577,459
015216250X,15
015216250X,20
1562477528,56
1562477528,169
0439221676,16
0439221676,66
0439221676,2
0439221684,67
0439221684,460
0439221684,461
0439221714,56
0439221714,462
0439221706,15
0439221706,84
0439221706,85
0439221730,3
0439221730,273
0440415993,3
0440415993,463
0895872102,94
0895872102,111
0895872102,2
068983585X,151
068983585X,295
0345391802,56
0345391802,464
0440219078,113
0440219078,16
0440219078,2
185424597X,15
185424597X,34
185424597X,2
2080105434,3
2080105434,38
349913358X,7
349913358X,8
3404121686,16
3404121686,17
3404121686,66
3404118960,138
3404118960,416
3404118960,465
0345356578,1
0345356578,19
0345346971,122
0345346971,438
0753804700,9
0753804700,2
0451155750,3
0451155750,2
0786890436,12
0786890436,150
0415928087,15
0415928087,84
0415928087,85
0521427150,30
0521427150,466
0812923278,72
0812923278,73
0812923278,259
0884111342,13
0884111342,14
0884111342,2
0345428544,132
0345428544,133
0345428544,134
0671694049,24
0671694049,77
0671694049,467
080901582X,240
080901582X,468
0449006557,47
0449006557,2
0373250339,70
0373250339,469
0380820447,30
0380820447,296
0385497679,39
0385497679,312
0385497679,470
0451454243,9
0451454243,21
0941423042,29
0941423042,2
0373871562,15
0373871562,37
0373871562,2
0553101439,59
0553101439,60
0553101439,471
0898151910,53
0898151910,95
0898151910,425
0898151910,2
0835949362,4
0835949362,472
0880701102,3
0880701102,105
039914563X,9
039914563X,2
0312853238,28
0312853238,32
0312853238,2
0688048730,94
0688048730,242
0688048730,2
0425161722,16
0425161722,66
0425161722,261
0385493800,47
0385493800,280
0385493800,281
0849916399,30
0849916399,276
0849916399,360
1928791107,26
1928791107,61
1928791107,62
0440211727,78
0440211727,2
0877192820,28
0877192820,32
0877192820,33
0380002450,12
0380002450,236
0380002450,2
0793133955,4
0793133955,2
0394178017,67
0394178017,194
0425134350,252
0425134350,2
0385479689,26
0385479689,317
0380754851,132
0380754851,473
0380538504,29
0380538504,474
044661162X,3
044661162X,105
0671742566,3
0671742566,38
0515122408,15
0515122408,37
0515122408,475
0440222818,3
0440222818,38
0451204050,9
0451204050,244
0451204050,245
038533334X,30
038533334X,276
038533334X,360
0449131548,53
0449131548,182
0449131548,476
0440120470,233
0440120470,477
0451188209,9
0451188209,228
0440130913,138
0440130913,478
0449001954,40
0449001954,479
0345404777,16
0345404777,17
0345404777,2
0451185277,16
0451185277,17
0451185277,18
0440224829,3
0440224829,20
0671779338,98
0671779338,327
0671779338,328
0515134368,24
0515134368,302
0380759497,15
0380759497,84
0380759497,2
3442098424,53
3442098424,322
3442098424,2
0394578791,87
0394578791,480
1558505377,15
1558505377,20
0373245696,24
0373245696,481
0373245696,482
0743201078,67
0743201078,483
0743201078,484
0743201078,485
0743201078,2
068983571X,16
068983571X,81
068983571X,486
0553256785,138
0553256785,416
0553256785,487
0061064505,16
0061064505,66
0061064505,488
1551668785,15
1551668785,105
0836230868,67
0836230868,60
0836230868,2
0381999866,28
0381999866,377
0380817144,15
0380817144,84
0380817144,85
0380752115,67
0380752115,196
0380752115,489
0553212583,94
0553212583,409
0553212583,490
0446364762,9
0446364762,491
0425166619,67
0425166619,237
0425166619,2
061312975X,15
061312975X,20
0765341972,56
0765341972,29
0590514776,90
0590514776,2
0373037430,67
0373037430,194
0064472779,3
0064472779,38
0553581279,12
0553581279,107
0553581279,2
0373750013,12
0373750013,2
0393030342,15
0393030342,34
0393030342,2
0553561618,28
0553561618,492
0312422156,28
0312422156,32
0312422156,2
0425139069,30
0425139069,204
0450029956,28
0450029956,32
0450029956,2
0130139165,28
0130139165,493
0373196741,4
0373196741,266
0451524489,16
0451524489,2
0140065172,381
0140065172,382
0373123485,26
0373123485,311
0373123108,15
0373123108,20
0590225170,122
0590225170,294
0399143165,30
0399143165,494
044132231X,24
044132231X,130
044132231X,2
0425124347,47
0425124347,411
0786889705,3
0786889705,17
0312282990,15
0312282990,84
0312282990,2
0425137945,70
0425137945,495
042512892X,72
042512892X,2
0425113892,30
0425113892,466
0394820371,67
0394820371,194
0449134482,4
0449134482,393
0449134482,394
014036336X,28
014036336X,493
0375821813,72
0375821813,2
0812516826,94
0812516826,409
0812516826,2
0345348036,12
0345348036,297
0679420118,3
0679420118,463
0871137380,15
0871137380,84
0871137380,85
0741409690,26
0741409690,2
0741407213,9
0741407213,496
0741407213,497
0759612277,15
0759612277,498
0741402858,26
0741402858,198
0741402858,199
1585007366,28
1585007366,32
1585007366,2
074141127X,9
074141127X,244
074141127X,2
0741403471,26
0741403471,2
0741403781,9
0741403781,97
0741403781,2
0741403056,4
0741403056,266
0741405784,15
0741405784,37
0741405784,2
0741402912,4
0741402912,2
0553568760,28
0553568760,32
0553568760,2
034538184X,113
034538184X,16
034538184X,315
0140620125,15
0140620125,84
0140620125,85
0140620109,67
0140620109,194
0375420827,113
0375420827,180
0375420827,499
0671745530,230
0671745530,259
0805062971,113
0805062971,500
0553211412,4
0553211412,2
0671510053,240
0671510053,468
1573229385,94
1573229385,257
0945397410,39
0945397410,501
0945397410,2
0385334036,15
0385334036,2
0060914653,56
0060914653,304
0345347536,67
0345347536,60
0345347536,502
0345347536,503
0345347536,504
0345347536,459
055321313X,3
055321313X,116
055321313X,117
055321313X,118
3473540420,151
3473540420,44
3473540420,2
0375507256,47
0375507256,231
0375507256,2
0060529709,15
0060529709,84
0060529709,85
0876850867,49
0876850867,2
0140274154,24
0140274154,441
0140274154,2
0679743464,28
0679743464,32
0679743464,2
0375704027,15
0375704027,105
0874067391,112
0874067391,2
0590484753,9
0590484753,2
0451527038,90
0451527038,2
1590520777,94
1590520777,257
0590484672,67
0590484672,192
0590484672,193
0975311255,94
0975311255,37
0975311255,2
0743237188,7
0743237188,505
0553586122,113
0553586122,16
0553586122,506
0553584510,16
0553584510,66
0553584510,2
0345341201,47
0345341201,280
0345341201,281
1551662744,13
1551662744,250
1551662744,2
0440175623,67
0440175623,237
0440175623,2
0440216842,67
0440216842,237
0440216842,2
0345443284,15
0345443284,84
0345443284,85
0553285653,3
0553285653,20
0394800133,15
0394800133,34
0394800133,341
0060972777,67
0060972777,60
0060972777,507
0060972777,508
0060972777,459
0064401472,24
0064401472,68
0156001942,7
0156001942,8
055326382X,15
055326382X,84
055326382X,85
0345418018,15
0345418018,2
0684801469,30
0684801469,306
0393961192,3
0393961192,2
9997522052,15
9997522052,34
9997522052,2
0872203492,56
0872203492,462
0911104542,67
0911104542,194
0375401318,132
0375401318,402
0375401318,445
0140253602,67
0140253602,192
0140253602,509
0671789422,138
0671789422,416
0671789422,510
1566193966,233
1566193966,511
014016930X,15
014016930X,84
014016930X,85
0140077022,132
0140077022,402
0140077022,445
0679732764,53
0679732764,2
0553273604,16
0553273604,66
0553273604,2
0553273914,3
0553273914,38
0060256672,67
0060256672,38
0060256672,315
039592720X,67
039592720X,194
1859671500,16
1859671500,66
1859671500,261
0810935627,49
0810935627,16
0810935627,66
0810935627,2
0060928336,39
0060928336,65
0671003755,67
0671003755,257
0553268449,13
0553268449,512
0684844729,72
0684844729,221
0684844729,513
0395051649,94
0395051649,38
0395051649,66
0395051649,2
0375705228,15
0375705228,514
038001503X,59
038001503X,60
038001503X,515
0835607860,15
0835607860,20
158574218X,240
158574218X,2
0806996021,15
0806996021,111
0806996021,2
0316777730,16
0316777730,2
0375501851,72
0375501851,221
0375501851,516
0877733759,113
0877733759,2
0805019367,28
0805019367,32
0805019367,2
0140070206,56
0140070206,169
0140236589,9
0140236589,21
0140042393,30
0140042393,276
0140042393,2
1590520653,59
1590520653,60
1590520653,517
1590521994,90
1590521994,91
1590521994,92
3446202218,24
3446202218,481
3446202218,518
3499134446,94
3499134446,242
3499134446,519
067142517X,9
067142517X,238
067142517X,2
0671726889,67
0671726889,192
0671726889,509
0446601241,67
0446601241,114
0446601241,520
0451124340,94
0451124340,227
0451124340,2
0345384466,9
0345384466,119
0446604801,47
0446604801,2
0345422392,113
0345422392,2
0679734775,72
0679734775,221
0679734775,9
0440414717,15
0440414717,227
0689715625,29
0689715625,455
0152013369,113
0152013369,180
0152013369,398
0425124819,26
0425124819,27
0425124819,521
0345409469,15
0345409469,397
1558747346,28
1558747346,32
1558747346,2
0373250177,47
0373250177,280
0373250177,281
0763615382,47
0763615382,142
0965975401,3
0965975401,93
0141001771,30
0141001771,466
068930935X,4
068930935X,266
0451523369,15
0451523369,397
0786884622,4
0786884622,29
0449005569,30
0449005569,276
0449005569,2
0671027344,12
0671027344,522
8885989632,67
8885989632,523
0786927089,24
0786927089,524
0684831058,15
0684831058,23
0684819066,122
0684819066,525
0375420673,15
0375420673,34
0375420673,148
0140368558,47
0140368558,288
0395353416,67
0395353416,194
0066211611,67
0066211611,237
0066211611,526
0312254164,15
0312254164,349
3453147243,15
3453147243,84
3453147243,85
3746611229,67
3746611229,427
3492229336,4
3492229336,308
3492229336,2
3453177800,15
3453177800,106
3453177800,2
3423009152,24
3423009152,209
3423009152,527
3596133319,15
3596133319,34
3596133319,2
3822813397,30
3822813397,276
3822813397,528
3426871874,94
3426871874,483
3426871874,484
3426871874,485
3426871874,529
3453171977,49
3453171977,2
3423620005,45
3423620005,2
034537522X,53
034537522X,322
034537522X,530
0345375211,24
0345375211,130
0345375211,2
034545829X,72
034545829X,221
034545829X,513
0140042520,26
0140042520,2
0380789035,94
0380789035,76
0380789035,2
0446677574,15
0446677574,20
0345358791,3
0345358791,93
0060964049,252
0060964049,2
0380558483,109
0380558483,300
1558171398,161
1558171398,162
1558171398,2
0425121046,56
0425121046,169
0441317502,30
0441317502,466
0804102279,78
0804102279,531
0804102279,295
0812551389,53
0812551389,29
0345316991,72
0345316991,221
0345316991,60
034531042X,94
034531042X,349
034531042X,2
0345310306,94
0345310306,196
0345310306,223
0345310292,240
0345310292,2
034531011X,53
034531011X,218
034531011X,532
0451130448,67
0451130448,427
0553266500,15
0553266500,34
0553266500,341
0440206154,98
0440206154,81
0440206154,82
0345370775,49
0345370775,16
0345370775,2
0441366945,28
0441366945,32
0441366945,2
0553574833,30
0553574833,466
0915950839,233
0915950839,29
0060242388,67
0060242388,533
0452265347,67
0452265347,534
0743457943,67
0743457943,535
0373484224,67
0373484224,523
0060171510,138
0060171510,2
0312421001,4
0312421001,393
0312421001,394
0786000988,3
0786000988,2
0380789019,16
0380789019,66
0380789019,284
0380789019,285
0380789019,172
0380789019,175
0380789019,286
0380789019,189
0380789019,190
0451135989,28
0451135989,32
0451135989,2
0380018179,45
0380018179,2
0679004785,15
0679004785,34
0679004785,2
0684825821,86
0684825821,2
0517395754,56
0517395754,303
067101420X,24
067101420X,536
0679457313,67
0679457313,242
0679457313,519
0394557433,98
0394557433,327
0394557433,328
0553571656,26
0553571656,537
0312169787,161
0312169787,162
0312169787,538
0942257324,113
0942257324,16
0942257324,2
0805008950,240
0805008950,539
0786866276,24
0786866276,298
0786866276,299
0151000638,53
0151000638,2
0140266771,15
0140266771,84
0140266771,85
015644450X,39
015644450X,128
0679723420,113
0679723420,16
0679723420,2
0441004016,16
0441004016,2
0671500546,53
0671500546,322
0671500546,540
0140620338,3
0140620338,2
0460878263,53
0460878263,322
0460878263,541
3257061269,13
3257061269,542
3257061269,543
3453210999,53
3453210999,2
3404126661,56
3404126661,169
3453177622,67
3453177622,403
3453177622,404
3453863593,9
3453863593,244
3453863593,432
3499108518,53
3499108518,322
3499108518,541
3518367064,26
3518367064,61
3518367064,2
3453199766,15
3453199766,2
3746670144,78
3746670144,79
3453088433,15
3453088433,2
0425137015,16
0425137015,17
0425137015,18
0553572490,56
0553572490,57
0553572490,2
0553576976,9
0553576976,292
0451450604,24
0451450604,337
0441001335,3
0441001335,2
0373257074,94
0373257074,242
0373257074,519
0441435351,12
0441435351,544
0441435351,545
0373092237,16
0373092237,66
0373092237,2
0373057296,53
0373057296,182
0373057296,44
0373057296,344
0373058446,72
0373058446,73
0373058446,120
0349103232,12
0349103232,395
0349103232,546
0571197779,15
0571197779,76
0571197779,453
0679745653,67
0679745653,56
0679745653,547
0571200389,67
0571200389,242
0571200389,548
0785268480,24
0785268480,2
014044503X,112
014044503X,401
0851707777,16
0851707777,17
0851707777,66
0006276199,39
0006276199,16
0551032510,72
0551032510,73
0551032510,259
000649840X,13
000649840X,250
000649840X,2
0140431268,24
0140431268,549
0099771519,16
0099771519,17
0099771519,2
0486265862,15
0486265862,2
067102535X,98
067102535X,332
0876855575,4
0876855575,266
0330376136,16
0330376136,66
0330376136,2
0140272658,29
0140272658,550
3407780028,40
3407780028,551
3407780028,208
3407780117,28
3407780117,124
3407780117,552
3257250398,72
3257250398,2
3257250053,15
3257250053,38
3257250053,2
3257250460,59
3257250460,2
3442435951,113
3442435951,86
3442435951,2
3442435838,72
3442435838,73
3442435838,259
3608919724,56
3608919724,2
379411664X,67
379411664X,196
379411664X,223
340780573X,113
340780573X,86
340780573X,137
3407805853,122
3407805853,29
0385720920,28
0385720920,32
0385720920,2
0385498721,94
0385498721,196
0385498721,553
0972948503,94
0972948503,409
0972948503,490
0380813815,287
0380813815,2
2070372294,67
2070372294,114
2070372294,115
2264030542,67
2264030542,160
0030615321,67
0030615321,242
0030615321,554
0836217632,15
0836217632,2
0140099832,56
0140099832,2
0385314744,240
0385314744,16
0316107417,53
0316107417,182
0316107417,555
0894803700,45
0894803700,29
0449221164,24
0449221164,2
0590457225,252
0590457225,556
0316929190,16
0316929190,17
0316929190,557
0553052845,16
0553052845,66
0553052845,261
0140390693,70
0140390693,495
0439404371,98
0439404371,332
0939766027,113
0939766027,2
0679741011,94
0679741011,242
0679741011,554
0345307674,12
0345307674,544
0345307674,558
0425071421,15
0425071421,111
0425071421,2
0345297687,47
0345297687,142
0766607119,67
0766607119,123
0766607119,2
1573225789,56
1573225789,2
0380754843,47
0380754843,559
0345368940,15
0345368940,84
0345368940,85
0345331605,16
0345331605,66
0345331605,2
0425050807,72
0425050807,2
044100962X,15
044100962X,20
0553296981,24
0553296981,31
0553296981,2
1895383129,53
1895383129,182
1895383129,560
0375724575,39
0375724575,333
0375724575,561
067163884X,15
067163884X,84
067163884X,85
0553140434,78
0553140434,562
0029087104,24
0029087104,298
0029087104,299
0345285549,94
0345285549,439
0345290240,94
0345290240,196
0345290240,223
0345301870,67
0345301870,2
0451169530,67
0451169530,196
0451169530,197
067168390X,70
067168390X,469
0385335881,29
0385335881,2
0385335482,29
0385335482,455
0553258001,67
0553258001,237
0553258001,2
0671679627,132
0671679627,301
0671679627,2
0375704043,16
0375704043,202
0375704043,563
0373484070,9
0373484070,97
0373484070,2
0805063889,29
0805063889,272
068986020X,15
068986020X,2
0671568809,16
0671568809,17
0671568809,18
1573228567,29
1573228567,564
0553582658,67
0553582658,194
051513399X,3
051513399X,38
0373218400,15
0373218400,369
0449217868,67
0449217868,60
0449217868,456
0449217868,457
0449217868,458
0449217868,459
0671573020,109
0671573020,565
0517006456,15
0517006456,34
0517006456,148
0786867086,109
0786867086,566
1569471800,67
1569471800,534
0374216495,26
0374216495,317
0312274572,15
0312274572,63
0316825336,29
0316825336,479
0871137631,45
0871137631,567
0679419152,12
0679419152,544
0679419152,558
0060192895,16
0060192895,17
0060192895,283
0826308791,7
0826308791,2
0140259198,16
0140259198,2
0345435249,240
0345435249,378
0345435249,568
0441003257,9
0441003257,21
8850200005,53
8850200005,182
8850200005,44
8850200005,2
0446606812,4
0446606812,308
0446606812,2
0671028375,39
0671028375,333
0671028375,561
0451181468,15
0451181468,227
0399149759,67
0399149759,194
0345384733,15
0345384733,84
0345384733,2
0671759361,24
0671759361,68
0830724982,15
0830724982,2
0399146008,24
0399146008,2
3442720001,53
3442720001,452
0515132632,56
0515132632,251
044990671X,53
044990671X,29
0688124402,67
0688124402,460
0688124402,461
0929587081,28
0929587081,377
155970117X,16
155970117X,81
155970117X,408
0688105408,15
0688105408,84
0688105408,2
0871130297,12
0871130297,2
1570362084,3
1570362084,52
0060930535,4
0060930535,444
0375702709,3
0375702709,52
0671038184,67
0671038184,194
0060916508,12
0060916508,2
0756401453,4
0756401453,308
0963270702,15
0963270702,111
0963270702,349
0399242562,30
0399242562,276
0399242562,360
0552996009,16
0552996009,66
0552996009,2
0708881297,53
0708881297,182
0708881297,44
0708881297,569
0142000663,122
0142000663,2
0590542443,406
0590542443,570
0590542443,2
0590112899,67
0590112899,534
0590660543,53
0590660543,182
0590660543,44
0590660543,2
0345361792,15
0345361792,227
0345361792,2
0552999512,15
0552999512,34
0552999512,2
041619513X,98
041619513X,66
041619513X,2
0855030224,24
0855030224,571
0861638522,67
0861638522,248
0861638522,249
0575073314,67
0575073314,534
0575073004,67
0575073004,237
0575073004,2
0394404289,3
0394404289,463
000636988X,86
000636988X,29
0345458915,164
0345458915,572
038531258X,15
038531258X,111
038531258X,2
006092988X,15
006092988X,84
006092988X,2
0140317937,24
0140317937,77
0140317937,2
0743225406,67
0743225406,447
0553256696,3
0553256696,38
0785263780,3
0785263780,573
0802433243,12
0802433243,235
0802433243,2
1400034779,67
1400034779,196
1400034779,574
038533303X,15
038533303X,84
038533303X,85
0451163753,113
0451163753,2
0440414520,109
0440414520,575
0440414520,2
0786885688,24
0786885688,130
0786885688,576
0671880187,56
0671880187,57
0671880187,16
1558506454,16
1558506454,81
1558506454,577
0895773538,70
0895773538,2
0385247745,28
0385247745,494
0385247745,2
0385293542,70
0385293542,393
0802069347,151
0802069347,44
0802069347,2
0671721038,67
0671721038,192
0671721038,578
0671311891,67
0671311891,114
0671311891,115
0345387007,67
0345387007,460
0345387007,461
037570504X,109
037570504X,2
0767902521,39
0767902521,333
0767902521,2
0892967048,26
0892967048,27
0892967048,579
0553377868,98
0553377868,332
0472113658,39
0472113658,333
0472113658,2
0609608444,15
0609608444,257
0670032425,9
0670032425,16
0915811332,7
0915811332,2
1558744606,47
1558744606,580
080410753X,138
080410753X,139
080410753X,2
0345325818,16
0345325818,66
0345325818,305
044023767X,13
044023767X,250
044023767X,581
014131088X,9
014131088X,228
043909013X,3
043909013X,52
0140244824,15
0140244824,19
155643068X,240
155643068X,468
096478260X,24
096478260X,302
155643152X,67
155643152X,105
155643152X,2
0553346768,3
0553346768,11
0884043142,161
0884043142,162
0884043142,538
0743221990,109
0743221990,582
0743221990,583
0312983212,9
0312983212,97
0312983212,2
0553486411,113
0553486411,86
0553486411,2
3478088534,28
3478088534,32
3478088534,2
3821807059,67
3821807059,534
0865532168,9
0865532168,97
0865532168,2
059040640X,24
059040640X,584
1566197155,16
1566197155,2
0805210318,87
0805210318,585
0805210318,2
031227999X,67
031227999X,196
031227999X,586
0385508417,30
0385508417,75
0385510438,67
0385510438,237
0385510438,2
0380723638,138
0380723638,587
0812515722,13
0812515722,542
0812515722,543
0373169876,161
0373169876,162
0373169876,588
0890842795,67
0890842795,403
0890842795,2
9505470010,122
9505470010,2
0609602535,16
0609602535,383
0609602535,384
0609602535,170
0609602535,385
0425185710,53
0425185710,95
0425185710,589
0061030651,87
0061030651,2
0425178773,28
0425178773,32
0425178773,2
0671578391,87
0671578391,2
0425095584,53
0425095584,95
0425095584,425
0425095584,2
0451409086,3
0451409086,17
006109594X,28
006109594X,83
0671527215,113
0671527215,2
0486203077,7
0486203077,590
2894850743,15
2894850743,63
0671522817,3
0671522817,399
0618074716,3
0618074716,191
1400062888,53
1400062888,182
1400062888,183
0618045996,29
0618045996,455
0312303033,16
0312303033,66
0312303033,261
0671318314,15
0671318314,84
0671318314,85
0553377876,109
0553377876,575
0553377876,2
1558612815,15
1558612815,34
1558612815,2
014025448X,12
014025448X,357
0060934417,56
0060934417,57
0060934417,2
0671793489,12
0671793489,236
0671793489,591
0174434642,28
0174434642,32
0174434642,2
0679772677,67
0679772677,2
0312983824,15
0312983824,84
0312983824,2
0449149676,9
0449149676,97
0449149676,2
0449006344,15
0449006344,20
0553568183,53
0553568183,2
0451191153,3
0451191153,573
0440224624,56
0440224624,592
0451523067,13
0451523067,250
0451523067,581
0743418174,122
0743418174,593
0451526295,59
0451526295,594
0440214424,29
0440214424,595
0451187903,122
0451187903,320
0451187903,596
0385491050,15
0385491050,23
0671036505,113
0671036505,403
0671036505,597
0553213504,87
0553213504,371
0446605891,16
0446605891,66
0446605891,261
0394758285,113
0394758285,598
0394758285,66
0394758285,2
0671004565,112
0671004565,401
0345370805,109
0345370805,582
0345370805,583
0375703055,28
0375703055,32
0375703055,2
0156006529,53
0156006529,322
0156006529,540
0446673544,67
0446673544,60
0446673544,599
0140256369,47
0140256369,142
0312243022,67
0312243022,237
0312243022,2
0316789844,67
0316789844,460
0316789844,461
0679761837,109
0679761837,566
0385490445,72
0385490445,2
0380725398,67
0380725398,60
0380725398,600
0380725398,601
0380725398,459
0345316770,3
0345316770,2
0375700757,16
0375700757,66
0375700757,2
0070212570,47
0070212570,602
0385480016,67
0385480016,534
0061098361,252
0061098361,603
0061093092,12
0061093092,2
0821758950,24
0821758950,604
0451411013,67
0451411013,196
0451411013,574
0446611239,9
0446611239,97
0446611239,2
0553580078,56
0553580078,259
0425189414,15
0425189414,76
0425189414,605
0812909372,56
0812909372,169
0451410912,59
0451410912,606
8481301132,67
8481301132,403
8481301132,607
8481301132,608
0316781266,87
0316781266,2
0486280616,4
0486280616,609
0743405978,122
0743405978,320
0743405978,2
0671032658,233
0671032658,2
0446607835,15
0446607835,20
0451402103,98
0451402103,327
0451402103,242
0373250223,49
0373250223,56
0373250223,2
0380817683,30
0380817683,466
0671701053,3
0671701053,93
0671000381,9
0671000381,238
0671000381,610
006101253X,87
006101253X,88
006101253X,611
0671689231,7
0671689231,2
0380814021,67
0380814021,196
0380814021,197
0373711026,9
0373711026,97
0373711026,2
0373710992,47
0373710992,2
0373711107,12
0373711107,236
0373711107,2
0440217806,28
0440217806,32
0440217806,2
0373711115,112
0373711115,315
0373711131,67
0373711131,196
0373711131,197
0061098795,53
0061098795,370
0061098795,436
0791423549,87
0791423549,2
0375725784,140
0375725784,2
0465016146,113
0465016146,9
0465016146,612
0465016146,2
0465016103,140
0465016103,613
0373226519,113
0373226519,242
0373226519,614
0380012774,67
0380012774,196
0380012774,615
225313922X,56
225313922X,462
0142004030,53
0142004030,29
0452281784,94
0452281784,598
0452281784,66
0452281784,2
0375704558,15
0375704558,2
038533656X,7
038533656X,2
0743230213,109
0743230213,616
0345436911,3
0345436911,17
0452284481,53
0452284481,2
0440217520,122
0440217520,2
0373834985,230
0373834985,259
0679450548,24
0679450548,130
0679450548,2
0451135555,15
0451135555,84
0451135555,85
0345339703,15
0345339703,76
0345339703,453
038039586X,113
038039586X,270
038039586X,2
0670030643,109
0670030643,300
0060929596,56
0060929596,2
3499232871,30
3499232871,276
3499232871,360
0374516901,56
0374516901,2
0440131480,617
0440131480,407
0609600745,132
0609600745,2
0375707425,53
0375707425,346
3453151933,15
3453151933,2
0231105592,56
0231105592,2
0590317822,9
0590317822,2
014056232X,15
014056232X,111
014056232X,2
0590447319,122
0590447319,2
0440940001,7
0440940001,2
0440401119,53
0440401119,218
0440401119,618
0440203155,1
0440203155,2
0812565959,87
0812565959,619
034536628X,86
034536628X,2
0880387483,9
0880387483,29
0880387300,3
0880387300,38
0425163385,3
0425163385,17
0743444051,47
0743444051,2
0061056103,59
0061056103,418
0671042262,122
0671042262,366
0425157539,15
0425157539,19
0553585681,15
0553585681,76
0553585681,516
0553585118,4
0553585118,437
0886777690,87
0886777690,88
0886777690,620
0743212002,15
0743212002,340
0743212002,2
3426650754,16
3426650754,66
3426650754,2
1854877178,15
1854877178,227
1854877178,2
0380803526,53
0380803526,346
0373152655,240
0373152655,2
0451404033,3
0451404033,52
1583140352,40
1583140352,216
1583140352,2
1854879073,87
1854879073,88
1854879073,2
0821728326,138
0821728326,419
0821728326,420
0380773155,12
0380773155,2
3404100263,16
3404100263,17
3404100263,557
0679731148,15
0679731148,76
0679731148,453
2070417700,3
2070417700,38
2070360075,9
2070360075,207
2070360075,2
0786889373,16
0786889373,2
2207245810,53
2207245810,2
2207250474,49
2207250474,598
2207250474,66
2207250474,2
2290331406,9
2290331406,159
2070426815,240
2070426815,29
2290305251,53
2290305251,2
2070364283,67
2070364283,621
2070364283,2
2266128566,49
2266128566,2
2070363104,122
2070363104,622
2253152277,15
2253152277,76
2253152277,38
2253152277,2
2207252000,4
2207252000,5
2207252000,129
2253170453,15
2253170453,76
2253170453,605
2723409821,3
2723409821,93
2070415686,53
2070415686,322
2070415686,541
2258036992,24
2258036992,68
2207251756,13
2207251756,14
2207251756,2
2266000489,4
2266000489,168
2070360423,4
2070360423,437
0394822862,15
0394822862,20
0874493803,28
0874493803,32
0874493803,2
1579730272,47
1579730272,623
0307177092,113
0307177092,180
0307177092,2
2253004898,15
2253004898,34
2253004898,2
0380600129,30
0380600129,466
0451522389,15
0451522389,2
0425169324,9
0425169324,21
082176828X,15
082176828X,76
082176828X,2
0316693324,109
0316693324,624
0553283685,53
0553283685,2
1841215457,53
1841215457,218
1841215457,625
0064410358,16
0064410358,66
0064410358,2
0007108648,72
0007108648,221
0007108648,429
0064472930,12
0064472930,36
0064472930,417
0590629824,15
0590629824,2
0743412273,122
0743412273,294
8420725927,15
8420725927,38
0140089586,28
0140089586,32
0140089586,2
0316140651,12
0316140651,2
1559277785,28
1559277785,32
1559277785,2
0345367898,109
0345367898,300
0205280854,381
0205280854,379
0553110721,47
0553110721,231
0553110721,232
1558534245,28
1558534245,32
1558534245,33
0553580272,15
0553580272,63
1560980087,1
1560980087,2
0679412271,113
0679412271,16
0679412271,66
0679412271,2
0803281730,67
0803281730,409
0345396529,15
0345396529,2
0440455332,24
0440455332,626
0440455332,2
1860462995,9
1860462995,627
1860462995,628
0679452281,252
0679452281,2
0811807150,15
0811807150,349
0393029190,53
0393029190,218
0393029190,2
0385425686,98
0385425686,327
0385425686,242
0312169655,15
0312169655,111
0312169655,2
0785324712,56
0785324712,629
0934257345,67
0934257345,192
0934257345,578
0312205872,67
0312205872,196
0312205872,615
0670867144,15
0670867144,20
0805051732,3
0805051732,144
0449300021,45
0449300021,630
0684835983,3
0684835983,105
0440226430,3
0440226430,23
0385721358,15
0385721358,631
031231616X,3
031231616X,191
0764504509,15
0764504509,20
089480829X,94
089480829X,105
089480829X,106
089480829X,2
0767912233,47
0767912233,580
0971453217,28
0971453217,377
0971453209,3
0971453209,23
0785268030,233
0785268030,477
0743201736,4
0743201736,308
0894805770,9
0894805770,632
0894805770,43
0440177499,15
0440177499,2
0553232053,109
0553232053,2
0312269102,24
0312269102,337
0062502174,3
0062502174,2
0688177751,53
0688177751,322
0688177751,323
0345438329,9
0345438329,2
0345401123,15
0345401123,38
0345401123,2
1593160151,16
1593160151,17
1593160151,66
1593160127,15
1593160127,227
1593160127,2
0451209435,47
0451209435,280
0451209435,281
1551669501,24
1551669501,77
1551669501,2
0375707972,3
0375707972,2
0618126988,132
0618126988,473
0060094850,67
0060094850,237
0060094850,2
0060192305,45
0060192305,633
0142000361,3
0142000361,93
0872860175,15
0872860175,2
031219126X,67
031219126X,192
031219126X,193
0020518609,122
0020518609,366
0345446860,53
0345446860,182
0345446860,634
0446310492,59
0446310492,60
0446310492,2
037348285X,9
037348285X,632
037348285X,635
0515090506,24
0515090506,2
0399145087,98
0399145087,636
0399145087,637
0399145087,638
0812590244,109
0812590244,300
0963641328,233
0963641328,639
0963641328,640
1574551108,24
1574551108,641
0879739304,15
0879739304,38
0965712516,45
0965712516,78
0965712516,642
0670829943,12
0670829943,236
0670829943,2
0060192119,4
0060192119,609
0836218256,53
0836218256,182
0836218256,643
0898707129,109
0898707129,624
0805420460,28
0805420460,32
0805420460,2
0140140352,16
0140140352,258
0140140352,2
1575666529,28
1575666529,223
0312990456,15
0312990456,227
0312990456,2
0440221102,233
0440221102,644
0316969680,9
0316969680,21
8807015293,53
8807015293,2
881787017X,67
881787017X,2
0449207463,49
0449207463,2
0689109865,39
0689109865,405
3518368540,56
3518368540,462
0312423209,140
0312423209,41
0312423209,2
0141180633,15
0141180633,20
0140283382,15
0140283382,105
0786248688,617
0786248688,2
0773762078,56
0773762078,29
0884041093,3
0884041093,93
0884040801,39
0884040801,2
0786887842,113
0786887842,242
0786887842,645
0450542912,15
0450542912,2
0192817264,94
0192817264,37
0192817264,646
0751522732,15
0751522732,227
0091850401,4
0091850401,647
1853260312,122
1853260312,2
0140016821,15
0140016821,38
0140016821,2
0440418569,15
0440418569,2
0786014210,24
0786014210,648
0786014210,2
0441005667,15
0441005667,38
0553259830,15
0553259830,38
0312965338,4
0312965338,649
1888740051,28
1888740051,32
1888740051,2
0061008028,56
0061008028,303
1931646384,28
1931646384,83
0399501487,15
0399501487,160
157566559X,146
157566559X,2
3423125551,15
3423125551,63
0060514949,9
0060514949,97
0060514949,2
0425188361,4
0425188361,2
0066210151,3
0066210151,93
0395177111,15
0395177111,2
0375411992,240
0375411992,2
0060287802,28
0060287802,32
0060287802,2
3442730066,4
3442730066,308
0394718968,49
0394718968,439
0192820753,28
0192820753,32
0192820753,2
0671744003,94
0671744003,227
0671744003,2
3596129389,28
3596129389,32
3596129389,2
0915308789,87
0915308789,2
3423620196,113
3423620196,98
0743203313,67
0743203313,270
0743203313,2
0425177173,72
0425177173,2
0425172554,109
0425172554,29
0440224764,28
0440224764,377
0553572997,4
0553572997,5
0553572997,359
034543076X,28
034543076X,124
034543076X,552
0380727501,29
0380727501,43
0312423799,1
0312423799,44
0312423799,2
0743249887,24
0743249887,641
0316089745,72
0316089745,2
037542217X,56
037542217X,57
037542217X,16
0345440773,16
0345440773,430
0440208912,16
0440208912,2
0061093106,16
0061093106,650
0061093106,2
0373218192,12
0373218192,259
0515120006,9
0515120006,651
0515120006,652
0515127396,39
0515127396,2
0345433084,7
0345433084,2
0345416260,47
0345416260,166
0345416260,167
0385494785,4
0385494785,5
0385494785,6
0385486804,3
0385486804,38
0385512104,24
0385512104,2
1555973981,252
1555973981,2
0451180208,53
0451180208,346
089587198X,67
089587198X,598
089587198X,66
089587198X,653
0198811020,72
0198811020,2
0525237704,72
0525237704,2
039914255X,67
039914255X,105
039914255X,631
0340649763,3
0340649763,11
0440236673,26
0440236673,362
0553295071,39
0553295071,2
0316291161,15
0316291161,37
0316291161,475
0449208397,132
0449208397,402
0449208397,2
1590171012,24
1590171012,654
0060505273,94
0060505273,38
0060505273,506
0752999958,4
0752999958,2
0702229962,47
0702229962,231
0702229962,2
0679771476,24
0679771476,68
0064405176,15
0064405176,34
0064405176,148
0684821192,15
0684821192,38
0684821192,2
0061056871,146
0061056871,2
0590988301,3
0590988301,191
0883659654,39
0883659654,333
0883659654,2
0440235162,15
0440235162,34
0440235162,2
076790382X,72
076790382X,2
0330357808,24
0330357808,648
0330357808,2
0425158616,28
0425158616,32
0425158616,33
0676974562,3
0676974562,20
0595157939,53
0595157939,2
0702231088,132
0702231088,655
0140143599,29
0140143599,656
0062502182,164
0062502182,2
0060175400,90
0060175400,91
0060175400,657
1573221775,16
1573221775,430
0913367044,39
0913367044,2
1888698357,67
1888698357,60
1888698357,658
0913367176,24
0913367176,130
0913367176,576
0933121245,113
0933121245,403
0933121245,413
0312168144,240
0312168144,2
0451528182,287
0451528182,526
0671537458,67
0671537458,334
0671537458,659
0786014741,98
0786014741,332
0517573822,28
0517573822,660
0877732906,30
0877732906,2
0743437810,161
0743437810,162
0743437810,661
0385240406,12
0385240406,236
0385240406,318
0060116188,72
0060116188,73
0060116188,120
0394742591,39
0394742591,312
0394742591,398
0517149257,56
0517149257,2
0374517886,112
0374517886,153
0374517886,662
0850315336,16
0850315336,66
0850315336,284
0850315336,663
0850315336,101
0850315336,664
0850315336,102
0850315336,665
0850315336,666
0850315336,667
0850315336,668
0850315336,669
0312964854,9
0312964854,271
0743222008,122
0743222008,320
0743222008,321
0684863324,12
0684863324,236
0684863324,2
0618127453,87
0618127453,407
0884053660,30
0884053660,276
0884053660,2
0812590236,15
0812590236,76
0812590236,38
0812590236,2
0515127221,138
0515127221,670
0515127221,2
0425161242,98
0425161242,258
0425161242,2
0451200993,113
0451200993,3
0451200993,2
0679765123,13
0679765123,250
0679765123,2
0312982194,109
0312982194,671
0451195922,334
0451195922,672
0451195922,16
0425169863,53
0425169863,182
0425169863,44
0425169863,2
0345380371,72
0345380371,73
0345380371,120
0446609323,70
0446609323,495
0316690619,15
0316690619,257
0446610038,15
0446610038,38
155143234X,15
155143234X,34
155143234X,148
0891074759,4
0891074759,5
0891074759,6
0449222276,86
0449222276,2
0440224608,240
0440224608,2
0451201558,29
0451201558,673
0061032077,122
0061032077,674
2253004243,98
2253004243,327
2253004243,242
0679459626,39
0679459626,2
0812566629,67
0812566629,38
0812566629,506
0816614024,67
0816614024,38
0816614024,2
3518390473,15
3518390473,227
3518390473,2
340414578X,70
340414578X,2
3596113350,53
3596113350,182
3596113350,44
3596113350,2
3453189442,15
3453189442,675
3462031252,4
3462031252,212
0671001701,113
0671001701,16
0671001701,506
0782125557,67
0782125557,2
1555217532,113
1555217532,403
1555217532,413
0843943769,9
0843943769,2
0553583085,4
0553583085,2
1892051001,67
1892051001,105
1892051001,631
0805019375,9
0805019375,2
1587991039,7
1587991039,676
1587214768,72
1587214768,73
1587214768,422
0802130496,15
0802130496,227
0802130496,2
1857931467,15
1857931467,111
1857931467,2
0380717085,15
0380717085,37
0380717085,38
0380712172,53
0380712172,54
0380712172,677
0380706725,12
0380706725,678
0767904281,7
0767904281,679
1558747478,53
1558747478,54
1558747478,55
0130179620,53
0130179620,218
0130179620,625
0273649949,15
0273649949,20
0072453907,24
0072453907,68
0130305065,15
0130305065,680
0028626958,9
0028626958,2
1884822738,24
1884822738,130
1884822738,2
0140272941,15
0140272941,111
0140272941,2
0375700382,29
0375700382,2
0006550789,24
0006550789,130
0006550789,222
0140004424,16
0140004424,235
0812517032,113
0812517032,180
0812517032,681
0385492081,67
0385492081,334
0385492081,682
0385492081,683
0451524829,161
0451524829,162
0451524829,684
0877287384,59
0877287384,60
0877287384,515
0465090974,15
0465090974,34
0465090974,2
1931412677,15
1931412677,20
0670848549,94
0670848549,242
0670848549,2
0684829746,87
0684829746,136
0425130215,24
0425130215,685
8420444782,15
8420444782,20
8489618844,28
8489618844,32
8489618844,33
0061000175,230
0061000175,44
0061000175,2
006017935X,3
006017935X,20
067976402X,94
067976402X,483
067976402X,484
067976402X,485
067976402X,2
1558532161,15
1558532161,2
3125918103,67
3125918103,242
3125918103,554
0064408329,98
0064408329,686
0743457358,87
0743457358,259
0743456866,15
0743456866,34
0743456866,2
0440235464,9
0440235464,687
0440235464,688
0440227739,9
0440227739,689
0345425707,3
0345425707,93
0765342294,15
0765342294,111
0765342294,2
0451821971,138
0451821971,139
0451821971,690
0670894494,3
0670894494,11
0060394447,15
0060394447,84
0060394447,85
0385508980,67
0385508980,192
0385508980,509
037541181X,67
037541181X,242
037541181X,554
006093395X,47
006093395X,288
0385491328,98
0385491328,66
0385491328,187
0385491328,691
0385491328,692
0385491328,693
0385491328,694
0385491328,695
0385491328,696
0345434692,15
0345434692,34
0345434692,148
0553131893,15
0553131893,76
0553131893,2
0374177023,72
0374177023,221
0374177023,60
076790351X,9
076790351X,238
076790351X,2
0452280907,122
0452280907,2
0425167313,4
0425167313,2
0316314641,697
0061073091,39
0061073091,29
0786808772,98
0786808772,66
0786808772,2
0553234609,3
0553234609,2
0553258540,47
0553258540,2
0802713661,15
0802713661,34
0802713661,341
0440237688,94
0440237688,533
0679884394,7
0679884394,698
1582970262,617
1582970262,699
1582970262,700
1566091446,24
1566091446,701
0553577395,287
0553577395,20
0671698419,15
0671698419,20
0425167720,7
0425167720,2
006105660X,59
006105660X,2
0609610597,53
0609610597,322
0609610597,2
0446519960,53
0446519960,322
0446519960,541
0374281602,53
0374281602,218
0374281602,625
0140251839,138
0140251839,215
0140251839,702
0399519831,233
0399519831,703
0425159795,56
0425159795,704
0140255370,3
0140255370,52
0394543971,67
0394543971,105
0394543971,2
0060970790,28
0060970790,32
0060970790,2
0156787334,56
0156787334,592
0448095300,39
0448095300,2
1569314195,15
1569314195,34
1569314195,2
0060908548,53
0060908548,705
0316182540,15
0316182540,20
0553343874,49
0553343874,439
0881845906,15
0881845906,34
0881845906,443
0446355224,15
0446355224,84
0446355224,85
0061030953,15
0061030953,34
0061030953,2
0316919896,16
0316919896,66
0316919896,2
0553299506,98
0553299506,66
0553299506,99
0553299506,100
0553299506,101
0553299506,102
0553299506,103
0553299506,104
0446604658,49
0446604658,180
0446604658,2
0553282476,24
0553282476,571
0553282476,2
0449212602,49
0449212602,2
0684867621,26
0684867621,706
0451147375,9
0451147375,296
0345413903,16
0345413903,66
0345413903,2
0451178033,4
0451178033,707
0590634275,59
0590634275,708
0330294377,151
0330294377,2
0061031569,15
0061031569,20
3257228007,67
3257228007,621
3257228007,709
0743202961,9
0743202961,185
0743202961,2
0060002492,67
0060002492,237
0060002492,526
0399148620,113
0399148620,16
0399148620,66
0399148620,201
0786866462,113
0786866462,72
0786866462,422
0671020315,12
0671020315,236
0671020315,318
0316569321,16
0316569321,2
0679732241,67
0679732241,334
0679732241,2
0451117670,47
0451117670,673
0451402251,617
0451402251,16
0451402251,2
1558175326,113
1558175326,180
1558175326,710
0449214982,12
0449214982,395
0449214982,2
0515090174,15
0515090174,711
0515095826,15
0515095826,34
0515095826,2
0515111279,67
0515111279,409
0671555235,53
0671555235,54
0671555235,55
3492232981,113
3492232981,114
3492232981,2
0553580876,49
0553580876,56
0553580876,2
0385475713,67
0385475713,192
0385475713,578
0345290232,4
0345290232,364
0345441753,12
0345441753,150
0425045250,24
0425045250,68
0689825234,1
0689825234,2
0553375407,15
0553375407,631
1863714081,15
1863714081,2
0151006903,15
0151006903,111
0151006903,2
1931561281,47
1931561281,2
038080350X,24
038080350X,2
0679744479,47
0679744479,2
8401466350,16
8401466350,235
1562477676,72
1562477676,2
0789414708,113
0789414708,180
0789414708,2
0425115801,9
0425115801,185
0425115801,2
0345454073,72
0345454073,73
0345454073,120
0312983654,72
0312983654,73
0312983654,120
0553582933,90
0553582933,712
0671034022,67
0671034022,114
0671034022,2
0440208149,29
0440208149,43
0375727132,713
0375727132,634
0446607711,53
0446607711,322
0446607711,714
0765301954,67
0765301954,242
0765301954,554
014029645X,16
014029645X,2
0445085614,122
0445085614,2
0345416880,132
0345416880,715
0345416880,716
0312874006,29
0312874006,2
0028621239,29
0028621239,717
0028621239,718
1593080743,94
1593080743,37
1593080743,2
0380771292,240
0380771292,378
0380771292,585
0805051589,24
0805051589,130
0805051589,719
0312314256,39
0312314256,405
0445202718,15
0445202718,2
0316136778,30
0316136778,720
0316136778,721
0590486101,45
0590486101,722
0060187271,30
0060187271,246
0060187271,247
0385497288,16
0385497288,17
0385497288,66
038548951X,90
038548951X,91
038548951X,723
0345386256,30
0345386256,246
0345386256,247
0879517980,132
0879517980,715
0879517980,445
0131554255,4
0131554255,29
0679725164,16
0679725164,81
0679725164,486
061830245X,87
061830245X,2
006015456X,53
006015456X,182
006015456X,44
006015456X,724
0312278675,1
0312278675,19
0060512806,45
0060512806,2
0060901012,9
0060901012,2
0060930071,26
0060930071,16
0060972459,15
0060972459,20
0805012478,39
0805012478,2
0060975547,12
0060975547,107
0060975547,2
0375704000,15
0375704000,38
0609806505,12
0609806505,725
0609806505,214
0060977507,1
0060977507,44
0060977507,2
055326396X,9
055326396X,726
0812505166,16
0812505166,2
0440234824,72
0440234824,73
0440234824,120
0393312801,72
0393312801,73
0393312801,120
0446516570,15
0446516570,111
0446516570,2
0345434773,15
0345434773,34
0345434773,2
0786005998,15
0786005998,34
0786005998,2
0385254520,112
0385254520,2
0060170441,29
0060170441,43
0590431536,151
0590431536,295
0712646221,15
0712646221,84
0712646221,85
0749318368,15
0749318368,34
0749318368,2
051512902X,3
051512902X,141
0812530314,53
0812530314,2
0552138223,3
0552138223,191
0515131091,90
0515131091,727
0515131091,728
0380791382,138
0380791382,2
0091880955,9
0091880955,729
0563537329,15
0563537329,2
8401427177,15
8401427177,63
8435015521,39
8435015521,730
0140265686,3
0140265686,38
0140257934,16
0140257934,202
0140257934,563
0140254544,29
0140254544,731
0446603708,9
0446603708,185
0446603708,2
0446606723,59
0446606723,2
0451524934,252
0451524934,732
0679721819,39
0679721819,2
0345392825,70
0345392825,733
0345392825,2
0060182792,47
0060182792,142
0393038440,15
0393038440,111
0393038440,2
0737020121,15
0737020121,63
0679745645,113
0679745645,2
1569470901,16
1569470901,66
1569470901,2
0671027123,122
0671027123,734
0375412972,26
0375412972,2
0449225151,56
0449225151,2
0590449737,112
0590449737,401
0892816562,24
0892816562,130
0892816562,2
8440691475,12
8440691475,2
8466307982,287
8466307982,2
0765342405,3
0765342405,2
844062719X,39
844062719X,181
844062719X,735
8420441732,39
8420441732,65
0345350499,24
0345350499,390
0689837070,24
0689837070,68
0671041177,15
0671041177,20
8466300708,16
8466300708,2
0312976275,53
0312976275,2
0767905180,39
0767905180,2
0743482891,15
0743482891,34
0743482891,2
037383232X,87
037383232X,2
1551666200,72
1551666200,73
1551666200,278
0373242328,3
0373242328,2
0373709102,9
0373709102,2
0517077744,24
0517077744,2
0449210197,233
0449210197,477
0373709617,53
0373709617,29
0373301529,47
0373301529,142
0373273193,24
0373273193,2
0373301626,146
0373301626,736
0373271867,53
0373271867,218
0373271867,2
0373240228,98
0373240228,332
0373764146,146
0373764146,737
037325928X,39
037325928X,2
0446529788,161
0446529788,162
0446529788,738
044652767X,15
044652767X,34
044652767X,2
0743246918,15
0743246918,76
0743246918,38
0743246918,2
0373301847,113
0373301847,16
0373301847,739
0373708351,15
0373708351,34
0373708351,148
1551664690,90
1551664690,2
0789491869,59
0789491869,740
0373835426,24
0373835426,2
0373691157,67
0373691157,242
0373691157,2
0373301537,86
0373301537,741
0373301537,742
0373301537,743
0373301537,2
037330174X,98
037330174X,66
037330174X,744
037330174X,745
037330174X,746
037330174X,747
037330174X,748
037330174X,749
037330174X,750
037330174X,751
0312968256,56
0312968256,169
0451205650,7
0451205650,752
0316089699,30
0316089699,753
0316089699,754
0316089699,755
1551669404,24
1551669404,2
0373708319,15
0373708319,111
0373708319,2
0373706545,24
0373706545,68
0373871945,39
0373871945,333
0373871945,2
0671671138,132
0671671138,402
0671671138,2
0671700081,98
0671700081,66
0671700081,170
0671700081,171
0671700081,172
0671700081,173
0671700081,174
0671700081,175
0671700081,176
0671700081,177
0671700081,178
0671700081,179
0821724231,90
0821724231,2
0380804670,3
0380804670,2
0425109267,39
0425109267,181
0425109267,735
0380710005,12
0380710005,150
0553126911,86
0553126911,2
055320923X,67
055320923X,194
8880892207,122
8880892207,756
8807810360,67
8807810360,427
8466302263,3
8466302263,11
0140348107,26
0140348107,198
0140348107,2
0884092097,16
0884092097,17
0884092097,2
0884092119,122
0884092119,366
0803263724,112
0803263724,153
0803263724,154
0803263724,155
0803263724,156
0803263724,157
0060506679,15
0060506679,34
0060506679,2
0375701427,9
0375701427,143
0553135457,47
0553135457,2
0380000830,98
0380000830,66
0380000830,187
0380000830,2
0380014300,9
0380014300,244
0380014300,757
0895773570,109
0895773570,616
0330312367,15
0330312367,758
2277238929,67
2277238929,192
2277238929,193
2743606789,3
2743606789,105
2253001279,113
2253001279,598
2253001279,66
2253001279,2
2253047422,53
2253047422,322
2253047422,759
8806160427,9
8806160427,195
8806160427,628
0553255142,90
0553255142,91
0553255142,760
9500703203,15
9500703203,38
843760494X,15
843760494X,111
843760494X,2
0345406516,3
0345406516,2
0385490461,12
0385490461,107
0385490461,108
0060936363,9
0060936363,97
0060936363,2
038082101X,15
038082101X,76
038082101X,2
0849943663,122
0849943663,29
3453099613,53
3453099613,2
1574534106,138
1574534106,587
0380977745,15
0380977745,34
0380977745,2
1558747028,15
1558747028,2
0618050140,12
0618050140,236
0618050140,2
0312774842,90
0312774842,91
0312774842,761
1579213405,122
1579213405,2
0671708635,67
0671708635,132
0671708635,133
0812970101,381
0812970101,762
0812970101,2
0375727566,15
0375727566,20
0373630468,12
0373630468,357
0671676652,70
0671676652,763
0553250655,12
0553250655,2
0399139125,67
0399139125,192
0399139125,193
0553377884,70
0553377884,733
0553377884,158
9679787834,53
9679787834,452
0609605623,47
0609605623,166
0609605623,167
0451195507,15
0451195507,20
0061012289,94
0061012289,38
0061012289,66
0061012289,764
0451195493,98
0451195493,765
0061092088,39
0061092088,312
0061092088,2
0425162788,15
0425162788,84
0425162788,85
0451208811,67
0451208811,483
0451208811,484
0451208811,485
0451208811,2
3404920910,240
3404920910,16
2070419878,94
2070419878,447
0345342968,24
0345342968,2
0192860925,98
0192860925,81
0192860925,486
0812550706,109
0812550706,300
0553580302,67
0553580302,427
0441102670,67
0441102670,427
0441328008,15
0441328008,2
0441294677,98
0441294677,332
0441104029,53
0441104029,218
0441104029,766
0345443683,3
0345443683,2
0061012149,3
0061012149,52
0890420254,78
0890420254,767
0345378482,7
0345378482,2
0671758896,53
0671758896,370
0671758896,619
0345348109,45
0345348109,2
0451177096,67
0451177096,2
0778800229,39
0778800229,312
0778800229,768
0345422384,72
0345422384,2
0441328091,67
0441328091,114
0441328091,769
0684818868,59
0684818868,60
0684818868,2
0525463313,4
0525463313,472
0812513754,15
0812513754,20
0812550307,49
0812550307,29
0812513738,87
0812513738,371
0312852487,29
0312852487,208
0765348446,15
0765348446,267
0765348438,28
0765348438,377
0812511816,67
0812511816,2
0394712447,112
0394712447,29
0671722727,87
0671722727,770
0385029551,67
0385029551,2
0070419361,12
0070419361,107
0070419361,771
1929194196,15
1929194196,20
0553351702,16
0553351702,2
0285632655,16
0285632655,17
0285632655,2
0804832463,26
0804832463,198
0804832463,2
0375705090,112
0375705090,2
0312269587,94
0312269587,287
0312269587,772
0099244926,287
0099244926,772
0099244926,2
0340612843,16
0340612843,66
0340612843,201
0413588106,98
0413588106,66
0413588106,99
0413588106,773
0413588106,664
0413588106,665
0413588106,666
0413588106,774
0413588106,667
0413588106,668
0413588106,669
009945520X,24
009945520X,130
009945520X,222
0702228842,9
0702228842,2
0880385367,98
0880385367,332
0812515609,94
0812515609,37
0812515609,2
0451183681,94
0451183681,287
0451183681,772
3502517959,94
3502517959,287
3502517959,772
3442424623,287
3442424623,772
3442424623,2
3310005844,94
3310005844,37
3310005844,2
059525893X,94
059525893X,37
059525893X,2
0425122123,287
0425122123,772
0425122123,2
0812530489,30
0812530489,276
0812530489,360
081257060X,16
081257060X,66
081257060X,2
0446326488,56
0446326488,57
0446326488,2
080410882X,9
080410882X,2
0446609986,94
0446609986,287
0446609986,772
0375726624,287
0375726624,772
0375726624,2
0892882816,94
0892882816,287
0892882816,772
1577487370,53
1577487370,218
1577487370,260
1578562325,12
1578562325,2
0385484518,87
0385484518,29
0060951710,15
0060951710,37
0060951710,38
0060922532,90
0060922532,2
0786864133,4
0786864133,129
156836010X,16
156836010X,17
156836010X,18
006251119X,56
006251119X,259
0440236703,3
0440236703,23
0671795937,67
0671795937,38
0671795937,66
0671795937,305
0345380274,72
0345380274,73
0345380274,259
0440224039,67
0440224039,409
076790396X,67
076790396X,403
076790396X,404
1572241381,53
1572241381,370
1572241381,775
0345443411,24
0345443411,77
0345443411,776
0060928204,29
0060928204,673
1592400876,240
1592400876,2
0140282378,53
0140282378,182
0140282378,44
0140282378,2
0435240765,67
0435240765,196
0435240765,574
0316779490,94
0316779490,483
0316779490,484
0316779490,485
0316779490,2
0767902513,94
0767902513,287
0767902513,2
038531809X,94
038531809X,37
038531809X,2
068815252X,67
068815252X,533
078686351X,94
078686351X,287
078686351X,772
0375706410,4
0375706410,29
0753811464,113
0753811464,87
0452266688,67
0452266688,114
0452266688,2
0340697687,15
0340697687,20
0130289221,24
0130289221,302
0806957050,16
0806957050,17
0806957050,18
0517084732,352
0517084732,777
020530902X,30
020530902X,2
073520313X,15
073520313X,84
073520313X,2
0130891347,12
0130891347,395
0130891347,2
0465021433,4
0465021433,2
1565115228,4
1565115228,393
1565115228,778
0380810336,94
0380810336,287
0380810336,2
0809225034,67
0809225034,779
061819729X,67
061819729X,598
061819729X,66
061819729X,340
1565122798,67
1565122798,180
1565122798,780
1581820542,67
1581820542,598
1581820542,66
1581820542,2
0425166791,4
0425166791,308
0425166791,2
0452284058,67
0452284058,447
1564146731,697
0767910079,287
0767910079,772
0767910079,2
0486401464,94
0486401464,287
0486401464,772
0880841109,94
0880841109,287
0880841109,772
0811201090,94
0811201090,37
0811201090,2
0140621407,15
0140621407,20
0140620281,56
0140620281,57
0140620281,2
0201895293,90
0201895293,2
1585420611,12
1585420611,297
0553211978,53
0553211978,182
0553211978,44
0553211978,2
0553274503,132
0553274503,473
0440224659,9
0440224659,228
1841492086,56
1841492086,169
0345308239,15
0345308239,20
0330357190,47
0330357190,781
0413537900,15
0413537900,2
1860467776,87
1860467776,782
0671757059,39
0671757059,312
0671757059,768
0671511424,112
0671511424,2
0425133540,94
0425133540,196
0425133540,2
0743469801,47
0743469801,142
0590110225,30
0590110225,276
0590110225,528
0835902242,15
0835902242,34
0835902242,443
0425173755,67
0425173755,523
0451199871,70
0451199871,783
0963144839,113
0963144839,16
0963144839,66
0963144839,2
0373196903,113
0373196903,47
0373196903,186
0373196962,67
0373196962,194
0671822209,138
0671822209,784
0671822209,2
0064409430,3
0064409430,23
0425194493,16
0425194493,2
0531103099,4
0531103099,5
0531103099,6
0380728125,15
0380728125,84
0380728125,85
0671722816,15
0671722816,2
1563521024,98
1563521024,81
1563521024,2
0312267819,47
0312267819,231
0312267819,2
0842361715,15
0842361715,111
0842361715,2
0446527289,15
0446527289,37
0446527289,2
0743457900,24
0743457900,130
0743457900,785
0394830148,122
0394830148,379
0345384350,15
0345384350,2
0060175532,12
0060175532,2
0811200701,12
0811200701,2
0671023373,87
0671023373,770
0679748083,9
0679748083,195
0679748083,2
0425175405,4
0425175405,5
0425175405,129
0380731851,28
0380731851,32
0380731851,2
0749930721,15
0749930721,20
0380009560,94
0380009560,287
0380009560,2
0345298365,12
0345298365,107
0345298365,2
0380776510,138
0380776510,786
0380776510,2
880781210X,94
880781210X,287
880781210X,2
1570422826,12
1570422826,36
1570422826,400
2070368076,67
2070368076,242
2070368076,548
0312874995,94
0312874995,409
0312874995,2
0425185702,3
0425185702,23
0886771560,45
0886771560,787
0886771560,2
0684862719,15
0684862719,2
8585622032,109
8585622032,616
8570070063,67
8570070063,196
8570070063,788
8532501192,16
8532501192,81
8532501192,2
8485229606,12
8485229606,2
0552998338,15
0552998338,20
051748904X,24
051748904X,68
087226002X,16
087226002X,17
087226002X,2
1855853906,49
1855853906,16
1855853906,66
1855853906,201
1850630127,94
1850630127,2
0385304366,9
0385304366,97
0385304366,2
0385299842,67
0385299842,206
1555910408,29
1555910408,208
071411393X,164
071411393X,789
071411393X,2
0713723076,9
0713723076,21
0486243451,233
0486243451,86
0684859262,112
0684859262,790
0684836491,15
0684836491,20
0671614460,112
0671614460,2
0345452550,94
0345452550,287
0345452550,2
0399147357,4
0399147357,609
0740704532,67
0740704532,2
0836221974,47
0836221974,288
0836228790,15
0836228790,34
0836228790,2
0836221966,132
0836221966,715
0836221966,716
0836232232,53
0836232232,322
0836232232,2
0345452534,90
0345452534,2
0312717415,53
0312717415,182
0312717415,44
0312717415,344
0316602051,15
0316602051,2
1552976246,26
1552976246,2
0440221420,94
0440221420,37
0440221420,646
0553573977,94
0553573977,38
0553573977,791
0684867583,1
0684867583,19
0451197879,9
0451197879,496
0451197879,2
0380796090,15
0380796090,20
0446604666,67
0446604666,196
0446604666,574
0312860951,15
0312860951,111
0312860951,349
0340792655,56
0340792655,251
0061015725,9
0061015725,2
0593043995,67
0593043995,196
0593043995,586
1855681870,87
1855681870,2
0553579754,3
0553579754,2
0425181200,24
0425181200,130
0425181200,2
0451163494,16
0451163494,17
0451163494,2
0425157164,47
0425157164,288
0449221482,24
0449221482,481
0449221482,482
0316154067,16
0316154067,17
0316154067,2
0312958455,28
0312958455,32
0312958455,2
0515120863,15
0515120863,63
0553279912,94
0553279912,196
0553279912,223
0345353145,98
0345353145,792
0345353145,2
0553348973,15
0553348973,20
0446516538,161
0446516538,162
0446516538,472
0446516538,2
0440214041,15
0440214041,111
0440214041,2
0679446486,29
0679446486,793
0802116825,70
0802116825,794
0846705672,87
0846705672,795
0841502439,15
0841502439,38
0380717972,67
0380717972,196
0380717972,354
0807079200,98
0807079200,796
0807079200,2
0878670319,67
0878670319,409
0896082172,12
0896082172,236
0896082172,2
0226067114,29
0226067114,43
0393011224,67
0393011224,598
0393011224,66
0393011224,440
0060167084,15
0060167084,37
0060167084,475
0415907411,30
0415907411,246
0415907411,247
0472095978,30
0472095978,276
0472095978,360
1565842103,713
1565842103,634
0385239068,24
0385239068,571
0525943730,24
0525943730,380
0525943730,2
0802130259,164
0802130259,797
0877736510,12
0877736510,798
0151002231,15
0151002231,20
1895857058,151
1895857058,44
1895857058,2
0525480374,15
0525480374,38
0812822625,122
0812822625,799
0890876096,4
0890876096,5
0890876096,129
1560238763,67
1560238763,60
1560238763,250
0062507567,67
0062507567,409
0553476580,112
0553476580,2
076071150X,94
076071150X,242
076071150X,519
1561707236,16
1561707236,2
1561707244,56
1561707244,800
1561706213,4
1561706213,266
0525945040,67
0525945040,237
0525945040,526
0743400720,15
0743400720,2
0553274384,28
0553274384,32
0553274384,2
1880032627,4
1880032627,2
0915811898,24
0915811898,130
0915811898,2
0385315287,15
0385315287,2
0440108268,94
0440108268,227
0440108268,2
0440204321,15
0440204321,2
044020562X,16
044020562X,17
044020562X,18
0446676489,140
0446676489,216
0446676489,217
1577310454,132
1577310454,715
1577310454,716
0140298479,67
0140298479,194
0694524638,15
0694524638,34
0694524638,2
0912365579,146
0912365579,736
1882591275,15
1882591275,20
0811812006,16
0811812006,17
0811812006,801
0809237628,47
0809237628,142
0809237601,146
0809237601,802
0806514094,16
0806514094,258
0806514094,2
0786860642,4
0786860642,393
0786860642,2
0671777351,29
0671777351,272
067084487X,230
067084487X,295
0821211226,9
0821211226,97
0821211226,2
